City_ID,City,Lat,Lng,Max Temp,Humidity,Cloudiness,Wind Speed,Country,Date
0,san antonio de pale,-1.4014,5.6325,25.3,82,99,5.71,GQ,1729891520
1,port-aux-francais,-49.35,70.2167,2.25,67,58,10.73,TF,1729891521
2,waitangi,-43.9535,-176.5597,14.34,98,92,1.34,NZ,1729891522
3,mandali,33.7499,45.5541,17.49,22,0,3.44,IQ,1729891523
4,takoradi,4.8845,-1.7554,25.74,91,100,3.88,GH,1729891227
5,jamestown,42.097,-79.2353,12.8,66,100,3.09,US,1729891404
6,chaiyaphum,15.75,102.0,24.81,86,100,1.44,TH,1729891527
7,kannus,63.9,23.9,6.04,96,90,3.41,FI,1729891528
8,novo aripuana,-5.1206,-60.3797,38.9,23,56,1.0,BR,1729891529
9,shenjiamen,29.9576,122.298,22.76,95,100,6.7,CN,1729891530
10,invercargill,-46.4,168.35,8.34,75,100,4.92,NZ,1729891531
11,naze,28.3667,129.4833,25.51,84,99,4.71,JP,1729891532
12,narasannapeta,18.4167,84.05,24.74,84,86,3.09,IN,1729891533
13,saint-pierre,-21.3393,55.4781,23.82,69,100,2.57,RE,1729891534
14,knyaze-volkonskoye,48.4642,135.4567,-0.81,64,0,5.34,RU,1729891536
15,iwanai,42.9744,140.5089,13.35,80,80,3.63,JP,1729891538
16,bilibino,68.0546,166.4372,-17.21,91,100,1.33,RU,1729891539
17,adamstown,-25.066,-130.1015,20.84,75,100,7.27,PN,1729891540
18,georgetown,5.4112,100.3354,24.97,88,20,1.03,MY,1729891444
19,college,64.8569,-147.8028,-6.72,86,20,0.0,US,1729891542
20,yellowknife,62.456,-114.3525,-1.99,78,75,2.57,CA,1729891384
21,praia da vitoria,38.7333,-27.0667,18.14,72,75,4.18,PT,1729891546
22,west island,-12.1568,96.8225,25.99,73,20,4.63,CC,1729891547
23,kokstad,-30.5472,29.4241,11.45,95,100,1.28,ZA,1729891548
24,touros,-5.1989,-35.4608,24.93,74,100,5.43,BR,1729891549
25,genhe,50.7833,121.5167,-8.17,99,74,0.53,CN,1729891550
26,kourou,5.1552,-52.6478,27.19,82,100,2.6,GF,1729891432
27,banda aceh,5.5577,95.3222,26.49,82,81,3.95,ID,1729891552
28,polyarnyy,69.1989,33.4478,7.36,84,100,8.99,RU,1729891553
29,santana,-0.0583,-51.1817,32.1,62,0,4.63,BR,1729891554
30,ambikapur,23.1167,83.2,19.99,91,99,5.05,IN,1729891555
31,korla,41.7597,86.1469,9.89,46,0,0.74,CN,1729891557
32,tra mhor,52.1624,-7.1524,13.38,86,3,3.13,IE,1729891558
33,galle,6.0367,80.217,28.29,81,98,3.11,LK,1729891559
34,damara,4.9608,18.7035,22.66,95,100,1.1,CF,1729891560
35,yurty,56.0498,97.6348,6.78,80,99,5.59,RU,1729891561
36,udachny,66.4167,112.4,-17.81,98,99,1.67,RU,1729891562
37,margaret river,-33.95,115.0667,10.39,77,3,2.64,AU,1729891563
38,mukalla,14.5425,49.1242,27.2,75,31,3.32,YE,1729891565
39,piti village,13.4626,144.6933,27.39,94,99,4.36,GU,1729891567
40,christchurch,-43.5333,172.6333,9.41,92,75,3.09,NZ,1729891568
41,wailua homesteads,22.0669,-159.378,26.44,78,100,3.6,US,1729891569
42,snyderville,40.6944,-111.5438,16.68,27,6,3.13,US,1729891329
43,ushuaia,-54.8,-68.3,3.81,81,75,14.4,AR,1729891571
44,lebu,-37.6167,-73.65,11.85,70,0,9.58,CL,1729891572
45,susuman,62.7833,148.1667,-15.87,97,100,1.68,RU,1729891402
46,st. john's,47.5649,-52.7093,17.31,99,100,9.26,CA,1729891575
47,talnakh,69.4865,88.3972,-18.32,88,4,1.09,RU,1729891576
48,grytviken,-54.2811,-36.5092,1.25,99,100,1.78,GS,1729891577
49,buala,-8.145,159.5921,27.74,76,75,2.34,SB,1729891578
50,atafu village,-8.5421,-172.5159,28.46,78,20,7.97,TK,1729891579
51,haiku-pauwela,20.9219,-156.3051,27.01,80,75,8.94,US,1729891580
52,port elizabeth,-33.918,25.5701,16.16,92,75,5.14,ZA,1729891582
53,callao,-12.0667,-77.15,19.16,77,75,2.57,PE,1729891429
54,bethel,41.3712,-73.414,15.46,46,13,0.45,US,1729891584
55,machico,32.7,-16.7667,20.4,71,75,8.75,PT,1729891585
56,hermanus,-34.4187,19.2345,12.67,85,0,4.38,ZA,1729891586
57,acarau,-2.8856,-40.12,25.57,75,100,8.48,BR,1729891587
58,thompson,55.7435,-97.8558,3.09,48,40,5.14,CA,1729891588
59,kerema,-7.9631,145.7785,23.82,93,100,4.56,PG,1729891393
60,weno,7.4515,151.8468,28.97,84,100,0.0,FM,1729891590
61,kone,-21.0595,164.8658,26.04,65,100,1.03,NC,1729891591
62,argo,37.6333,22.7333,14.84,69,14,2.84,GR,1729891593
63,edinburgh of the seven seas,-37.0676,-12.3116,12.26,62,100,3.57,SH,1729891594
64,bredasdorp,-34.5322,20.0403,12.86,91,0,1.7,ZA,1729891595
65,broken hill,-31.95,141.4333,15.48,43,95,4.31,AU,1729891596
66,albany,42.6001,-73.9662,13.13,56,43,0.48,US,1729891597
67,forster,-32.1667,152.5167,15.77,72,53,3.99,AU,1729891598
68,riviere-du-loup,47.8304,-69.5342,5.49,60,2,1.03,CA,1729891599
69,branson,36.6437,-93.2185,26.57,64,43,4.92,US,1729891600
70,katsuura,35.1333,140.3,21.35,75,100,6.99,JP,1729891601
71,yorkton,51.2167,-102.4677,9.91,32,20,7.72,CA,1729891346
72,puerto natales,-51.7236,-72.4875,6.25,87,100,12.86,CL,1729891604
73,mata-utu,-13.2816,-176.1745,27.8,81,19,8.63,WF,1729891605
74,olonkinbyen,70.9221,-8.7187,-0.65,78,100,11.95,SJ,1729891606
75,howrah,22.5892,88.3103,26.0,94,100,2.06,IN,1729891607
76,blackmans bay,-43.0167,147.3167,7.07,88,15,0.89,AU,1729891608
77,barquisimeto,10.0739,-69.3228,28.35,57,77,6.69,VE,1729891609
78,san patricio,28.017,-97.5169,31.97,45,0,5.13,US,1729891610
79,cintalapa de figueroa,16.7333,-93.7167,24.6,74,50,4.16,MX,1729891611
80,stanley,54.868,-1.6985,11.01,100,100,1.03,GB,1729891612
81,longyearbyen,78.2186,15.6401,2.91,81,75,6.17,SJ,1729891614
82,afif,23.9065,42.9172,21.66,52,18,6.94,SA,1729891615
83,anadyr,64.75,177.4833,-2.72,79,75,10.0,RU,1729891616
84,alotau,-10.3069,150.4462,25.18,92,98,1.43,PG,1729891617
85,namibe,-15.1961,12.1522,20.3,80,88,3.33,AO,1729891618
86,tainan,22.9908,120.2133,25.95,94,75,0.51,TW,1729891619
87,mangochi,-14.4782,35.2645,27.28,38,97,1.23,MW,1729891620
88,kidal,18.4411,1.4078,31.22,11,100,4.55,ML,1729891621
89,nikolayevsk-on-amure,53.1406,140.73,-1.95,78,15,6.18,RU,1729891622
90,mokhsogollokh,61.4681,128.9203,-12.33,87,87,4.96,RU,1729891623
91,tolanaro,-25.0319,46.9987,23.04,88,75,1.03,MG,1729891625
92,hoopstad,-27.8327,25.9083,22.15,12,0,3.31,ZA,1729891626
93,chernyshevskiy,63.0128,112.4714,-11.89,98,100,0.99,RU,1729891627
94,terrigal,-33.45,151.45,14.98,57,5,6.33,AU,1729891628
95,remire-montjoly,4.9167,-52.2667,25.02,94,0,1.03,GF,1729891629
96,tiksi,71.6872,128.8694,-21.77,100,82,1.65,RU,1729891630
97,lompoc,34.6391,-120.4579,24.52,47,11,2.24,US,1729891631
98,gadzhiyevo,69.2551,33.3362,7.49,82,100,9.43,RU,1729891632
99,ribeira grande,38.5167,-28.7,17.65,67,40,3.6,PT,1729891633
100,kununurra,-15.7667,128.7333,24.99,88,59,1.54,AU,1729891635
101,midvagur,62.0511,-7.1939,8.46,87,100,9.77,FO,1729891636
102,la palma,33.8464,-118.0467,26.84,58,20,3.09,US,1729891637
103,swan hill,-35.3378,143.5544,9.84,52,73,2.22,AU,1729891638
104,pariaman,-0.619,100.12,25.31,84,100,1.76,ID,1729891639
105,aasiaat,68.7098,-52.8699,-2.41,81,94,4.82,GL,1729891641
106,balabac,7.9868,117.0645,27.38,79,100,7.63,PH,1729891642
107,talcahuano,-36.7167,-73.1167,16.82,55,0,8.23,CL,1729891643
108,sodra sandby,56.5667,16.6167,10.92,93,1,2.5,SE,1729891645
109,kharp,66.8014,65.8081,-7.96,96,65,1.25,RU,1729891646
110,cestos city,5.46,-9.5828,25.44,90,57,4.68,LR,1729891647
111,tete,-16.1564,33.5867,35.05,34,40,3.6,MZ,1729891648
112,egilsstadir,65.2653,-14.3948,5.95,70,60,4.12,IS,1729891649
113,shwebo,22.5667,95.7,22.78,95,100,2.31,MM,1729891650
114,belmonte,-15.8631,-38.8828,24.97,78,100,5.24,BR,1729891651
115,utrik,11.2278,169.8474,27.0,82,100,3.79,MH,1729891652
116,dudinka,69.4058,86.1778,-20.61,96,14,2.82,RU,1729891653
117,thisted,56.9552,8.6949,11.17,96,96,1.52,DK,1729891656
118,whitehorse,60.7161,-135.0538,-1.61,93,75,1.03,CA,1729891657
119,luderitz,-26.6481,15.1594,15.06,65,43,8.42,NA,1729891658
120,novodvinsk,64.4165,40.8122,1.86,83,98,3.41,RU,1729891659
121,puerto ayora,-0.7393,-90.3518,21.42,92,90,1.34,EC,1729891660
122,moose jaw,50.4001,-105.5344,11.15,22,20,5.66,CA,1729891661
123,kapuskasing,49.4169,-82.4331,3.05,93,75,6.17,CA,1729891662
124,ishikari,43.2397,141.3539,5.45,75,55,2.11,JP,1729891663
125,murzuq,25.9155,13.9184,20.23,31,5,4.32,LY,1729891665
126,constantia,44.1833,28.65,5.38,55,2,1.64,RO,1729891666
127,colonia,50.9333,6.95,15.14,89,20,2.57,DE,1729891667
128,greymouth,-42.4667,171.2,8.46,95,100,6.5,NZ,1729891668
129,hawaiian paradise park,19.5933,-154.9731,25.73,96,100,2.57,US,1729891669
130,mount gambier,-37.8333,140.7667,7.41,66,92,2.64,AU,1729891670
131,matoury,4.8483,-52.3317,24.98,94,0,1.03,GF,1729891671
132,port mathurin,-19.6833,63.4167,23.41,89,100,8.36,MU,1729891672
133,ulsteinvik,62.3432,5.8487,9.62,93,92,1.38,NO,1729891673
134,isafjordur,66.0755,-23.124,0.1,86,37,4.89,IS,1729891675
135,dawei,14.0833,98.2,24.48,93,100,1.4,MM,1729891676
136,ouro sogui,15.6,-13.3167,30.01,51,0,1.03,SN,1729891677
137,punta arenas,-53.15,-70.9167,10.06,53,40,18.01,CL,1729891678
138,iqaluit,63.7506,-68.5145,-1.15,74,75,4.63,CA,1729891679
139,boende,-0.2167,20.8667,22.47,98,94,1.08,CD,1729891680
140,kilindoni,-7.9139,39.6668,26.13,81,22,6.12,TZ,1729891681
141,hithadhoo,-0.6,73.0833,27.55,71,8,2.98,MV,1729891682
142,burang,30.25,81.1667,4.52,21,0,0.68,CN,1729891683
143,malango,-2.9627,119.9001,17.6,97,80,1.22,ID,1729891685
144,enewetak,11.3474,162.3373,26.36,89,100,14.19,MH,1729891669
145,pocone,-16.2567,-56.6228,34.16,41,75,0.71,BR,1729891687
146,praya,14.9215,-23.5087,27.3,65,0,5.66,CV,1729891688
147,daru,-9.0763,143.2092,25.22,87,100,2.16,PG,1729891689
148,amursk,50.2261,136.8994,-1.51,83,4,3.18,RU,1729891690
149,holualoa,19.6228,-155.9522,28.08,75,20,4.63,US,1729891691
150,port hedland,-20.3167,118.5667,24.03,57,4,2.57,AU,1729891692
151,larache,35.1932,-6.1557,19.3,65,96,4.53,MA,1729891695
152,ust-tsilma,65.441,52.1498,-0.51,83,57,1.21,RU,1729891696
153,hammerfest,70.6634,23.6821,5.25,81,40,12.35,NO,1729891697
154,avarua,-21.2078,-159.775,24.03,73,75,5.66,CK,1729891692
155,shitanjing,39.2342,106.3439,7.28,61,19,3.69,CN,1729891700
156,edd,13.9297,41.6925,31.79,61,100,10.05,ER,1729891701
157,kodiak,57.79,-152.4072,6.73,93,100,4.12,US,1729891641
158,abepura,-2.6333,140.5833,24.45,94,40,0.51,ID,1729891704
159,beledweyne,4.7358,45.2036,27.33,65,89,5.76,SO,1729891705
160,stornoway,58.2093,-6.3865,9.98,91,100,0.51,GB,1729891706
161,igarka,67.4667,86.5833,-9.18,95,98,3.21,RU,1729891707
162,port alfred,-33.5906,26.891,16.21,90,44,1.34,ZA,1729891708
163,el nido,11.1858,119.3956,27.66,79,100,7.5,PH,1729891709
164,maumere,-8.6199,122.2111,26.34,85,36,2.6,ID,1729891710
165,badger,64.8,-147.5333,-7.02,89,20,0.0,US,1729891711
166,yeppoon,-23.1333,150.7333,23.43,74,7,4.87,AU,1729891712
167,papatowai,-46.5619,169.4708,6.51,83,100,5.06,NZ,1729891713
168,westport,41.1415,-73.3579,16.26,51,0,4.63,US,1729891426
169,vila franca do campo,37.7167,-25.4333,18.27,99,35,2.67,PT,1729891716
170,stephenville,32.2207,-98.2023,30.07,39,0,4.12,US,1729891717
171,east london,-33.0153,27.9116,16.16,74,65,5.74,ZA,1729891718
172,port saint john's,-31.6229,29.5448,17.84,71,93,4.63,ZA,1729891719
173,ataq,14.5377,46.8319,22.49,78,52,5.81,YE,1729891720
174,carnarvon,-24.8667,113.6333,18.53,68,0,10.72,AU,1729891721
175,minas de marcona,-15.2119,-75.1103,17.61,63,3,8.31,PE,1729891722
176,klyuchi,52.2667,79.1667,7.23,69,100,2.74,RU,1729891723
177,araguaina,-7.1911,-48.2072,33.69,33,75,1.61,BR,1729891693
178,paranhos,-23.8928,-55.4311,30.74,36,0,0.24,BR,1729891726
179,waddan,29.1614,16.139,20.58,39,38,4.42,LY,1729891727
180,saipan,15.1355,145.701,25.39,94,100,6.17,MP,1729891728
181,tanjung pandan,-2.75,107.65,26.27,84,100,2.9,ID,1729891729
182,lewiston orchards,46.3804,-116.9754,17.5,42,0,3.09,US,1729891730
183,verkhniye sergi,56.6469,59.5556,2.66,94,100,1.52,RU,1729891731
184,uturoa,-16.7333,-151.4333,25.81,76,99,11.27,PF,1729891732
185,qaqortoq,60.7167,-46.0333,-1.2,70,0,8.45,GL,1729891733
186,tazacorte,28.629,-17.9293,20.54,89,0,5.14,ES,1729891735
187,raduzhny,62.0961,77.475,0.99,100,100,0.85,RU,1729891736
188,hilo,19.7297,-155.09,25.85,92,100,3.13,US,1729891737
189,puerto baquerizo moreno,-0.9,-89.6,21.55,83,100,6.17,EC,1729891738
190,sitka,57.0531,-135.33,8.94,53,100,4.12,US,1729891739
191,marsh harbour,26.5412,-77.0636,25.49,72,5,6.52,BS,1729891740
192,chonchi,-42.6128,-73.8092,12.84,59,86,1.83,CL,1729891741
193,petrosino,37.7077,12.4999,20.52,82,100,5.86,IT,1729891742
194,indija,20.0,77.0,21.29,80,71,3.7,IN,1729891744
195,vorgashor,67.5833,63.95,-10.2,96,24,1.03,RU,1729891745
196,petropavlovsk-kamchatsky,53.0452,158.6483,1.33,55,0,3.0,RU,1729891746
197,vilyuchinsk,52.9306,158.4028,2.15,78,9,3.54,RU,1729891747
198,brisas de zicatela,15.8369,-97.0419,31.29,74,20,1.54,MX,1729891748
199,pucheng,27.9233,118.5333,17.46,92,97,1.4,CN,1729891749
200,kerikeri,-35.2268,173.9474,19.39,92,100,5.81,NZ,1729891750
201,wakkanai,45.4094,141.6739,10.95,47,14,10.62,JP,1729891751
202,ilulissat,69.2167,-51.1,-0.99,64,75,6.69,GL,1729891752
203,carutapera,-1.195,-46.02,27.02,77,75,3.92,BR,1729891754
204,itoman,26.1247,127.6694,28.21,78,75,5.66,JP,1729891755
205,ullal,12.8,74.85,24.53,88,20,2.06,IN,1729891756
206,crane,31.3974,-102.3501,26.19,27,5,4.2,US,1729891757
207,nantucket,41.2835,-70.0995,13.06,58,0,3.09,US,1729891758
208,guerrero negro,27.9769,-114.0611,24.37,44,6,6.0,MX,1729891759
209,kingston,17.997,-76.7936,28.53,84,75,5.66,JM,1729891760
210,pisco,-13.7,-76.2167,22.03,64,0,2.57,PE,1729891761
211,demopolis,32.5176,-87.8364,30.97,30,0,1.54,US,1729891755
212,acapulco de juarez,16.8634,-99.8901,30.9,74,40,3.6,MX,1729891577
213,hami,42.8,93.45,9.88,42,0,1.06,CN,1729891718
214,yuzhno-kurilsk,44.0306,145.8556,10.79,88,3,1.69,RU,1729891768
215,santa sylvina,-27.8326,-61.1375,26.14,38,2,9.5,AR,1729891769
216,flin flon,54.7682,-101.865,6.91,53,20,5.14,CA,1729891734
217,belousovka,50.1339,82.5239,6.47,81,100,2.0,KZ,1729891771
218,hamilton,39.1834,-84.5333,18.69,76,100,4.63,US,1729891691
219,ust-nera,64.5667,143.2,-13.86,97,100,2.88,RU,1729891774
220,rosarito,32.3333,-117.0333,22.51,65,7,2.38,MX,1729891775
221,freetown,8.484,-13.2299,22.84,94,75,4.12,SL,1729891776
222,lanxi,29.2195,119.477,17.52,95,100,0.44,CN,1729891777
223,santa ana,33.7456,-117.8678,28.29,51,20,2.57,US,1729891779
224,rabaul,-4.1967,152.1721,27.6,78,95,0.91,PG,1729891780
225,selfoss,63.9331,-20.9971,2.8,71,95,10.78,IS,1729891781
226,cabedelo,-6.9811,-34.8339,26.37,75,66,4.24,BR,1729891783
227,inhambane,-23.865,35.3833,23.52,92,0,2.79,MZ,1729891784
228,cabo san lucas,22.8909,-109.9124,31.53,53,0,4.12,MX,1729891697
229,san pedro pochutla,15.7333,-96.4667,32.06,69,25,2.53,MX,1729891786
230,saacow,1.6279,42.4407,25.73,68,92,4.88,SO,1729891787
231,patrocinio,-18.9439,-46.9925,23.06,77,99,2.53,BR,1729891788
232,merchtem,50.9572,4.2303,13.8,97,0,1.03,BE,1729891789
233,aoulef,26.9667,1.0833,24.93,33,0,4.2,DZ,1729891790
234,rustam,27.969,68.8048,28.82,21,0,1.52,PK,1729891791
235,padang,-0.9492,100.3543,25.03,87,100,2.17,ID,1729891793
236,grybow,49.6244,20.948,10.25,70,4,2.41,PL,1729891794
237,queenstown,-31.8976,26.8753,11.38,80,9,1.73,ZA,1729891511
238,sinabang,2.4803,96.3801,25.79,81,98,1.94,ID,1729891797
239,la'ie,21.6477,-157.9253,29.66,74,37,4.02,US,1729891798
240,cozumel,20.5083,-86.9458,30.04,74,75,5.14,MX,1729891799
241,porto velho,-8.7619,-63.9039,31.03,58,75,3.09,BR,1729891511
242,duong dong,10.2167,103.9667,28.0,89,20,2.57,VN,1729891801
243,tvoroyri,61.5556,-6.8111,8.81,79,100,13.76,FO,1729891803
244,timimoun,29.2639,0.231,22.21,37,0,2.06,DZ,1729891804
245,akrehamn,59.2667,5.1833,12.14,76,100,4.63,NO,1729891805
246,konongo,6.6167,-1.2167,23.31,97,100,1.02,GH,1729891806
247,sola,-13.8833,167.55,26.81,83,97,7.38,VU,1729891807
248,kelme,55.6339,22.9342,5.23,70,0,2.9,LT,1729891808
249,leava,-14.3,-178.1667,27.17,84,27,8.61,WF,1729891809
250,kargasok,59.0556,80.8572,3.44,95,100,2.76,RU,1729891811
251,dombarovskiy,50.7587,59.5386,5.82,67,100,2.78,RU,1729891727
252,oranjemund,-28.55,16.4333,13.35,94,71,5.4,NA,1729891814
253,lillesand,58.2488,8.3778,8.02,100,0,1.03,NO,1729891815
254,mahenge,-8.6833,36.7167,19.6,74,34,1.92,TZ,1729891816
255,hobyo,5.3505,48.5268,25.48,88,50,4.57,SO,1729891817
256,nuuk,64.1835,-51.7216,-0.66,86,100,5.66,GL,1729891818
257,tqvarch'eli,42.8404,41.6801,8.71,94,100,2.06,GE,1729891820
258,bozoum,6.3193,16.3799,20.92,94,98,0.95,CF,1729891821
259,vorkuta,67.5,64.0,-9.76,97,35,1.33,RU,1729891822
260,mitu,1.1983,-70.1733,28.5,65,100,0.73,CO,1729891823
261,shahpur,16.7,76.8333,21.05,69,30,3.29,IN,1729891824
262,atlantic beach,30.3344,-81.3987,28.36,64,20,4.12,US,1729891581
263,fort st. john,56.2499,-120.8529,4.94,45,20,2.06,CA,1729891805
264,raja,8.4596,25.678,22.05,92,100,0.67,SS,1729891827
265,iskateley,67.6803,53.1512,-0.83,80,39,3.13,RU,1729891671
266,sanctuary point,-35.1114,150.629,12.87,43,1,3.35,AU,1729891831
267,port blair,11.6667,92.75,25.02,94,40,1.03,IN,1729891832
268,ulundi,-28.3352,31.4162,17.18,89,100,2.06,ZA,1729891833
269,san luis de la loma,17.2706,-100.8939,29.15,75,24,1.4,MX,1729891834
270,bay city,43.5945,-83.8889,14.5,71,75,4.63,US,1729891835
271,betio village,1.358,172.9211,27.92,73,22,6.17,KI,1729891836
272,lubang,13.8584,120.124,28.43,77,99,9.24,PH,1729891837
273,prieska,-29.6641,22.7474,18.26,30,0,3.36,ZA,1729891839
274,ivdel',60.6911,60.4206,2.73,97,100,0.95,RU,1729891840
275,keflavik,64.0049,-22.5624,3.24,87,75,14.4,IS,1729891841
276,lihue,21.9789,-159.3672,26.77,76,100,3.6,US,1729891726
277,tharad,24.3961,71.6267,27.79,26,0,2.23,IN,1729891844
278,horta,38.5333,-28.6333,17.23,70,40,3.6,PT,1729891845
279,antsiranana,-12.2787,49.2917,24.24,82,7,5.95,MG,1729891846
280,margate,51.3813,1.3862,13.16,89,62,2.7,GB,1729891800
281,shivrajpur,22.4167,73.65,22.61,55,33,1.05,IN,1729891848
282,reshetylivka,49.565,34.0782,10.56,78,100,2.93,UA,1729891850
283,spanish wells,26.323,-81.7957,29.99,52,20,4.63,US,1729891851
284,sant lluis,39.8526,4.2594,19.22,94,20,2.57,ES,1729891852
285,kondrovo,54.8064,35.9278,2.4,86,14,0.11,RU,1729891853
286,villamontes,-21.25,-63.5,34.69,36,48,2.06,BO,1729891854
287,port lincoln,-34.7333,135.8667,16.21,67,100,5.65,AU,1729891855
288,alofi,-19.0595,-169.9187,24.71,80,86,9.03,NU,1729891856
289,cizre,37.3272,42.1903,11.56,32,0,0.0,TR,1729891858
290,berezovyy,51.6667,135.7,-2.93,62,1,3.15,RU,1729891859
291,sepuka,-4.75,34.5333,22.32,47,93,5.02,TZ,1729891860
292,new norfolk,-42.7826,147.0587,7.73,68,25,1.18,AU,1729891785
293,khovd,48.0056,91.6419,1.79,54,8,1.95,MN,1729891862
294,fortuna,40.5982,-124.1573,22.21,45,0,4.69,US,1729891863
295,vadso,70.0744,29.7487,8.09,66,0,11.83,NO,1729891852
296,arkhangel'sk,64.5401,40.5433,2.06,100,0,3.0,RU,1729891572
297,nouadhibou,20.931,-17.0347,24.99,53,100,4.12,MR,1729891866
298,aswan,24.0934,32.907,21.83,19,0,4.73,EG,1729891364
299,rio preto da eva,-2.6994,-59.6997,33.42,38,82,1.96,BR,1729891869
300,shimoda,34.6667,138.95,19.16,84,100,6.75,JP,1729891870
301,porto franco,-6.3383,-47.3992,32.75,36,69,1.42,BR,1729891871
302,eenhana,-17.4667,16.3333,24.88,13,88,3.28,NA,1729891872
303,paradip garh,20.3167,86.6167,23.24,93,100,4.71,IN,1729891873
304,quang ngai,15.1167,108.8,19.93,62,100,2.88,VN,1729891874
305,calderitas,18.55,-88.25,31.06,66,40,3.09,MX,1729891875
306,zaozersk,69.4005,32.4476,5.03,63,100,10.0,RU,1729891876
307,nar'yan-mar,67.6713,53.087,-0.83,80,37,3.16,RU,1729891751
308,sandnessjoen,66.0217,12.6316,7.06,70,75,5.14,NO,1729891853
309,grand falls-windsor,48.9332,-55.6649,4.72,93,100,3.58,CA,1729891880
310,swakopmund,-22.6833,14.5333,14.43,84,14,0.89,NA,1729891881
311,celestun,20.8667,-90.4,27.71,65,10,5.7,MX,1729891882
312,bhadra,29.1167,75.1667,24.18,25,0,1.55,IN,1729891883
313,kailua-kona,19.6406,-155.9956,30.15,75,20,4.63,US,1729891884
314,alaghsas,17.0187,8.0168,28.17,16,96,5.26,NE,1729891885
315,priozersk,61.0393,30.1291,10.61,82,91,5.44,RU,1729891887
316,bangassou,4.7413,22.8184,19.82,99,100,1.49,CF,1729891888
317,graham,47.0529,-122.2943,17.29,58,0,1.79,US,1729891890
318,sao tome,0.3365,6.7273,26.09,86,100,2.27,ST,1729891719
319,villa bruzual,9.3328,-69.1208,28.83,70,100,1.11,VE,1729891892
320,bridlington,54.0831,-0.1919,12.96,81,94,2.24,GB,1729891893
321,nemuro,43.3236,145.575,11.64,83,5,4.04,JP,1729891808
322,zeya,53.75,127.2667,-8.48,93,7,0.65,RU,1729891896
323,canton,23.1167,113.25,22.57,49,100,6.32,CN,1729891701
324,bata,1.8639,9.7658,25.6,87,83,1.88,GQ,1729891899
325,nova sintra,14.8667,-24.7167,27.33,76,100,6.7,CV,1729891706
326,walvis bay,-22.9575,14.5053,14.53,88,2,4.63,NA,1729891901
327,boradigah,38.9339,48.7038,11.45,66,16,2.1,AZ,1729891902
328,vernal,40.4555,-109.5287,15.84,29,0,2.06,US,1729891903
329,ishimbay,53.4545,56.0415,4.91,88,97,0.74,RU,1729891904
330,fort bragg,35.139,-79.006,25.75,34,0,3.6,US,1729891905
331,ocos,14.5094,-92.1933,29.03,74,5,2.7,GT,1729891906
332,tura,25.5198,90.2201,20.98,95,100,1.81,IN,1729891841
333,usogorsk,63.4106,48.6872,2.17,76,100,0.65,RU,1729891909
334,revda,56.801,59.9303,2.66,93,97,1.74,RU,1729891910
335,dahlonega,34.5326,-83.9849,25.03,54,3,2.21,US,1729891615
336,ilebo,-4.3167,20.5833,22.1,98,97,0.48,CD,1729891912
337,nguigmi,14.2495,13.1092,27.42,21,68,5.09,NE,1729891913
338,turkestan,43.3333,68.25,11.87,56,100,5.72,KZ,1729891914
339,puerto leguizamo,-0.1934,-74.7819,31.3,56,73,1.19,CO,1729891915
340,saldanha,-33.0117,17.9442,14.03,89,0,6.28,ZA,1729891916
341,choibalsan,48.0667,114.5,-0.21,42,100,2.27,MN,1729891698
342,arno,60.1167,18.6333,9.18,78,90,2.96,SE,1729891700
343,caxito,-8.5785,13.6643,24.19,81,98,2.27,AO,1729891920
344,arraial do cabo,-22.9661,-42.0278,26.98,74,40,2.57,BR,1729891853
345,nagqu,31.5,92.0,-4.29,42,0,1.61,CN,1729891922
346,vidyayevo,69.3191,32.8049,5.43,63,100,9.79,RU,1729891923
347,las lomitas,-24.7096,-60.593,30.39,28,12,2.05,AR,1729891991
348,vila velha,-20.3297,-40.2925,27.19,81,0,7.72,BR,1729891993
349,malvan,16.0667,73.4667,25.27,80,29,2.46,IN,1729891994
350,las palmas de gran canaria,28.0997,-15.4134,22.07,78,75,9.26,ES,1729891995
351,la ronge,55.1001,-105.2842,7.14,42,0,5.14,CA,1729891996
352,brookings,44.3114,-96.7984,12.36,45,0,4.63,US,1729891947
353,worland,44.0169,-107.9554,15.5,44,0,2.06,US,1729891998
354,okondja,-0.6549,13.6753,22.07,98,95,0.73,GA,1729891999
355,el rosario,24.2556,-107.1828,32.41,59,0,4.46,MX,1729891931
356,vriddhachalam,11.5,79.3333,25.66,83,59,2.38,IN,1729892001
357,saint-philippe,-21.3585,55.7679,23.07,87,99,5.41,RE,1729892002
358,jalai nur,49.45,117.7,-2.42,54,99,1.49,CN,1729892004
359,newala kisimani,-10.95,39.2833,19.02,92,51,2.81,TZ,1729892005
360,bikenibeu village,1.3673,173.1241,27.86,72,18,6.3,KI,1729892006
361,nadym,65.5333,72.5167,-5.04,95,91,3.61,RU,1729891997
362,port alberni,49.2413,-124.8028,9.96,82,100,0.45,CA,1729891961
363,bemidji,47.4736,-94.8803,12.32,34,0,10.29,US,1729891890
364,kuala belait,4.5833,114.1833,25.57,89,100,4.35,BN,1729892010
365,morwell,-38.2333,146.4,9.96,55,7,2.09,AU,1729892011
366,vuktyl,63.8567,57.3094,-1.4,88,45,2.25,RU,1729892012
367,yulinshi,38.2906,109.7494,11.55,57,89,4.74,CN,1729892014
368,trongsa,27.5026,90.5072,6.36,95,100,1.75,BT,1729892015
369,big bend,-26.8167,31.9333,20.52,84,41,1.75,SZ,1729892016
370,darnah,32.767,22.6367,19.7,71,3,1.45,LY,1729892017
371,yerofey pavlovich,53.9667,121.9667,-9.56,85,15,1.11,RU,1729892018
372,maceio,-9.6658,-35.7353,25.69,78,0,4.63,BR,1729891802
373,north branch,45.5113,-92.9802,14.51,36,4,5.81,US,1729892020
374,castillos,-34.1667,-53.8333,11.96,93,100,4.51,UY,1729891995
375,kizel,59.0471,57.6477,4.02,100,100,0.71,RU,1729892022
376,ebaye,8.7748,167.7392,29.01,79,40,4.63,MH,1729892023
377,sarkand,45.41,79.9186,10.63,30,78,2.31,KZ,1729892025
378,karratha,-20.7377,116.8463,28.25,28,1,3.66,AU,1729892026
379,tinghir,31.5157,-5.5343,18.54,45,36,2.63,MA,1729892027
380,macenta,8.5435,-9.471,21.44,94,86,1.14,GN,1729892028
381,kintampo,8.0563,-1.7306,24.9,83,99,2.28,GH,1729892029
382,edson,53.5835,-116.4356,7.08,36,0,4.12,CA,1729892030
383,london,51.5085,-0.1257,12.86,92,84,2.57,GB,1729891955
384,doctor arroyo,23.6667,-100.1833,25.32,24,0,0.95,MX,1729892032
385,dolores,-36.3132,-57.6792,11.12,85,100,9.11,AR,1729892033
386,bardai,11.65,7.2333,23.4,31,100,2.29,NG,1729892035
387,rio claro,-22.4114,-47.5614,24.35,79,100,2.07,BR,1729892024
388,kapa'a,22.0752,-159.319,27.49,78,100,3.6,US,1729892037
389,el jadid,33.2549,-8.506,19.31,69,96,7.32,MA,1729892038
390,laojunmiao,39.8333,97.7333,5.17,51,100,1.3,CN,1729892039
391,afaahiti,-17.75,-149.2833,23.12,80,100,11.14,PF,1729892040
392,penzance,50.1186,-5.5371,13.38,81,10,11.95,GB,1729892041
393,isangel,-19.55,169.2667,28.13,65,57,1.73,VU,1729892042
394,mount pearl,47.5166,-52.7813,16.85,97,100,9.26,CA,1729891816
395,ocean city,39.2776,-74.5746,18.33,43,0,3.13,US,1729892044
396,nyurba,63.2842,118.3319,-19.46,100,100,1.04,RU,1729892046
397,sogndal,61.2283,7.1003,8.21,93,75,0.0,NO,1729892047
398,san juan,-31.5375,-68.5364,19.99,33,1,4.61,AR,1729891960
399,prince rupert,54.3161,-130.3201,9.05,65,0,6.17,CA,1729891987
400,tonga,-20.0,-175.0,24.7,80,0,7.74,TO,1729892050
401,artesia,33.8658,-118.0831,26.82,59,0,3.09,US,1729892051
402,mourmelon-le-grand,49.1326,4.3642,11.82,94,0,2.06,FR,1729892052
403,shixing,24.9482,114.0657,18.4,69,100,1.25,CN,1729892053
404,kalianget,-7.05,113.9333,27.58,76,1,2.33,ID,1729892054
405,ocho rios,18.4025,-77.1048,28.43,85,40,5.65,JM,1729892055
406,shinshiro,34.9,137.5,19.65,86,100,1.41,JP,1729892057
407,caconda,-13.7333,15.0667,18.54,76,57,2.87,AO,1729892058
408,pangody,65.85,74.4859,-5.8,96,98,3.37,RU,1729892059
409,mediesu aurit,47.7833,23.15,9.32,71,0,2.15,RO,1729892060
410,tando muhammad khan,25.123,68.5358,27.28,47,0,4.19,PK,1729892061
411,chilaw,7.5758,79.7953,26.34,80,100,1.19,LK,1729892062
412,varpalota,47.1994,18.1395,10.52,68,21,1.74,HU,1729892063
413,colares,38.7992,-9.4469,14.07,83,56,9.26,PT,1729892064
414,didymoteicho,41.3481,26.4961,9.45,76,0,1.5,GR,1729892065
415,hadibu,12.65,54.0333,26.84,82,87,1.91,YE,1729892067
416,batangafo,7.3008,18.2833,22.58,95,99,1.64,CF,1729892068
417,luwuk,-0.9516,122.7875,23.38,82,100,1.67,ID,1729892069
418,playa vicente,17.8333,-95.8167,26.92,78,6,3.34,MX,1729892070
419,aketi,2.7388,23.7833,22.56,94,99,0.13,CD,1729892071
420,laguna,38.421,-121.4238,25.82,32,0,2.57,US,1729891949
421,sorong,-0.8833,131.25,26.81,81,100,3.64,ID,1729892073
422,ma'rib,15.4591,45.3253,26.43,31,54,5.18,YE,1729892074
423,williams lake,52.1415,-122.1445,7.81,59,100,8.23,CA,1729892075
424,staroaleyskoye,51.0061,82.0,8.85,74,100,4.1,RU,1729892076
425,okha,53.5739,142.9478,0.85,66,93,9.52,RU,1729892078
426,flying fish cove,-10.4217,105.6791,24.82,88,75,3.6,CX,1729892079
427,tisma,12.0819,-86.0174,34.1,55,20,5.14,NI,1729892080
428,nanzhang chengguanzhen,31.7839,111.8275,12.9,70,25,2.96,CN,1729892081
429,zheleznodorozhnyy,55.7503,38.0042,4.75,85,31,1.52,RU,1729892082
430,codrington,-38.2667,141.9667,11.4,55,56,5.22,AU,1729892083
431,sona,45.4388,10.8255,15.51,96,75,1.03,IT,1729892084
432,souillac,-20.5167,57.5167,23.21,94,75,4.12,MU,1729892085
433,geraldton,-28.7667,114.6,16.23,77,75,6.69,AU,1729892086
434,khandyga,62.6667,135.6,-11.44,94,100,2.64,RU,1729892087
435,neyshabur,36.2133,58.7958,6.57,72,8,1.54,IR,1729892089
436,zhalantun,48.0,122.7167,-0.78,63,99,0.07,CN,1729892090
437,baise city,23.8997,106.6133,16.91,74,63,1.78,CN,1729892091
438,panama city beach,30.1766,-85.8055,29.07,53,0,4.12,US,1729892092
439,vostochnyy,55.8167,37.8667,2.27,84,21,1.48,RU,1729892093
440,canto do buriti,-8.11,-42.9444,34.32,26,77,3.38,BR,1729892094
441,mutuali,-14.8706,37.0044,24.89,37,96,2.12,MZ,1729892095
442,ntoum,0.3833,9.7833,24.1,95,88,1.32,GA,1729892097
443,chibougamau,49.9168,-74.3659,3.79,100,100,5.14,CA,1729892098
444,antsohihy,-14.8796,47.9875,25.06,79,37,0.52,MG,1729892099
445,paka,4.6374,103.4368,22.96,94,84,0.0,MY,1729892101
446,plastun,44.7561,136.2939,2.27,76,98,2.66,RU,1729892102
447,mahibadhoo,3.7833,72.9667,28.29,71,100,6.01,MV,1729892103
448,harstad,68.799,16.5293,4.53,95,100,10.28,NO,1729892104
449,shache,38.4167,77.2406,10.77,25,59,2.04,CN,1729892105
450,sarmiento,-45.5882,-69.07,13.15,38,97,16.53,AR,1729892107
451,mendi,-6.1761,143.6513,14.05,95,100,1.05,PG,1729892108
452,coquimbo,-29.9533,-71.3436,18.85,61,0,6.69,CL,1729891997
453,trinity beach,-16.7888,145.6968,25.94,73,40,3.6,AU,1729892110
454,prado,-17.3411,-39.2208,25.15,79,100,8.41,BR,1729892112
455,brasileia,-11.0161,-68.7481,28.25,78,75,2.57,BR,1729892113
456,canutama,-6.5339,-64.3831,33.04,40,100,0.67,BR,1729892115
457,la passe,45.5549,-0.8967,13.16,89,100,2.84,FR,1729892117
458,kayangel,8.0823,134.7173,28.25,78,89,13.34,PW,1729892118
459,severnoye,56.3491,78.3619,6.05,88,98,4.53,RU,1729892119
460,dossor,47.5272,52.9811,9.51,67,92,3.35,KZ,1729892120
461,hengyang,26.8881,112.615,15.0,66,8,2.14,CN,1729892121
462,kenai,60.5544,-151.2583,2.3,68,100,10.29,US,1729892122
463,palmer,42.1584,-72.3287,15.13,42,6,1.43,US,1729892123
464,sibolga,1.7427,98.7792,25.33,87,100,0.63,ID,1729892124
465,pangai,-19.8,-174.35,27.06,74,40,3.6,TO,1729892125
466,magadan,59.5667,150.8,-6.22,92,97,3.75,RU,1729892127
467,maintirano,-18.0667,44.0167,25.87,79,0,2.67,MG,1729892128
468,grevena,40.0845,21.4274,10.09,69,7,0.98,GR,1729892129
469,mosjoen,65.836,13.1908,5.29,87,75,0.0,NO,1729892130
470,gurmatkal,16.8667,77.4,20.14,73,56,3.39,IN,1729892131
471,morondava,-20.2833,44.2833,24.73,82,1,2.71,MG,1729892132
472,badagry,6.4167,2.8833,25.9,87,93,2.62,NG,1729892134
473,tralee,52.2704,-9.7026,9.99,91,72,3.12,IE,1729892136
474,san jose de jachal,-30.2406,-68.7469,18.19,33,3,2.91,AR,1729891940
475,yongchuan,29.3514,105.8947,19.67,91,96,1.5,CN,1729892138
476,palangkaraya,-2.2,113.8333,23.05,99,90,1.02,ID,1729892139
477,price,39.5994,-110.8107,16.56,25,11,2.28,US,1729892140
478,kuta,-8.7233,115.1723,26.97,89,75,2.57,ID,1729892141
479,rijau,11.103,5.2507,24.43,43,92,1.18,NG,1729892142
480,nyala,12.05,24.8833,26.81,22,7,3.92,SD,1729892144
481,tazovsky,67.4667,78.7,-12.61,96,54,3.32,RU,1729892146
482,tweed heads,-28.1817,153.547,22.32,68,18,4.12,AU,1729892147
483,nova vicosa,-17.8919,-39.3719,25.44,77,92,7.76,BR,1729892148
484,fernley,39.608,-119.2518,17.34,26,100,1.34,US,1729892149
485,puerto armuelles,8.2833,-82.8667,27.83,75,81,0.45,PA,1729892150
486,hailar,49.2,119.7,-3.35,68,52,2.49,CN,1729892151
487,tionk essil,12.7856,-16.5217,26.64,84,4,2.1,SN,1729892152
488,ingeniero guillermo n. juarez,-23.9,-61.85,33.12,27,25,3.88,AR,1729892155
489,bestobe,52.4994,73.0975,5.62,75,97,2.94,KZ,1729892156
490,dondo,-19.6094,34.7431,24.73,95,46,1.17,MZ,1729892157
491,petawawa,45.9001,-77.3328,9.77,64,100,2.57,CA,1729892158
492,irymple,-34.25,142.1667,17.09,29,86,4.99,AU,1729892159
493,mekhe,15.1097,-16.6218,29.98,46,76,3.7,SN,1729892160
494,masterton,-40.9597,175.6575,19.05,66,100,4.35,NZ,1729892161
495,zhezqazghan,47.7833,67.7667,5.32,87,40,2.0,KZ,1729892162
496,berdigestyakh,62.0989,126.6992,-15.73,96,96,3.26,RU,1729892163
497,vilhena,-12.7406,-60.1458,28.12,74,75,2.57,BR,1729891824
498,alice springs,-23.7,133.8833,17.75,17,5,0.51,AU,1729892166
499,'ain benian,36.8028,2.9219,18.03,78,99,1.12,DZ,1729892167
500,ouesso,1.6136,16.0517,22.37,99,100,1.07,CG,1729892168
501,ijui,-28.3878,-53.9147,20.54,76,0,3.57,BR,1729892169
502,gamay,12.3854,125.2979,24.81,93,100,1.77,PH,1729892170
503,brak,27.5496,14.2714,20.42,32,5,4.31,LY,1729892171
504,lerwick,60.1545,-1.1494,9.8,87,53,6.65,GB,1729892172
505,miramichi,47.0043,-65.4654,5.18,58,55,1.97,CA,1729892173
506,gandajika,-6.75,23.95,20.5,91,84,0.87,CD,1729892175
507,jiazi,22.8779,116.067,22.15,79,100,4.51,CN,1729892176
508,vaghodia,22.3,73.3833,23.87,52,46,1.44,IN,1729892177
509,kasongo-lunda,-6.4667,16.8167,21.76,99,100,0.72,CD,1729892178
510,vung tau,10.346,107.0843,25.84,87,100,5.6,VN,1729892179
511,newman,37.3138,-121.0208,27.96,18,100,0.64,US,1729892180
512,taulaga,-11.0553,-171.0883,28.08,80,26,9.17,AS,1729892181
513,ancud,-41.8697,-73.8203,10.74,64,65,5.2,CL,1729891888
514,albu kamal,34.45,40.9186,17.17,21,0,3.55,SY,1729892183
515,saint-francois,46.4154,3.9054,15.38,89,0,1.54,FR,1729892184
516,lodwar,3.1191,35.5973,31.77,38,65,6.23,KE,1729892187
517,florencia,43.7667,11.25,18.82,90,75,1.54,IT,1729891979
518,pudozh,61.8099,36.5345,4.5,89,91,3.26,RU,1729892189
519,taupo,-38.6833,176.0833,15.47,83,100,4.29,NZ,1729892190
520,fort mcmurray,56.7268,-111.381,6.77,48,100,1.54,CA,1729892192
521,upington,-28.4478,21.2561,19.18,11,52,3.63,ZA,1729891933
522,morehead city,34.7229,-76.726,21.12,63,0,2.57,US,1729892195
523,wanning,18.8003,110.3967,22.6,70,100,7.88,CN,1729892196
524,kakonko,-3.2828,30.9642,19.02,88,97,1.16,TZ,1729892122
525,igabi,10.7889,7.7749,21.87,40,94,1.71,NG,1729892199
526,amahai,-3.3333,128.9167,26.3,84,38,1.01,ID,1729892200
527,tsiombe,-25.3,45.4833,21.57,79,2,2.2,MG,1729892201
528,fale old settlement,-9.3852,-171.2468,28.51,79,18,8.54,TK,1729892202
529,ribeira brava,32.65,-17.0667,20.4,66,44,3.84,PT,1729892205
530,jaru,-10.4389,-62.4664,31.64,48,79,1.26,BR,1729892206
531,port isabel,26.0734,-97.2086,30.02,67,0,6.69,US,1729892207
532,harper,4.375,-7.7169,25.29,88,62,3.68,LR,1729892208
533,arrifes,37.7667,-25.7,17.18,99,5,4.16,PT,1729892209
534,tchibanga,-2.85,11.0333,21.91,98,100,0.97,GA,1729892211
535,ahar,38.4774,47.0699,6.7,53,60,2.51,IR,1729892212
536,sao miguel do araguaia,-13.275,-50.1628,28.47,60,78,1.73,BR,1729892213
537,paita,-5.0892,-81.1144,19.72,77,19,7.54,PE,1729892214
538,ebon,4.582,168.6964,28.64,69,26,4.64,MH,1729892215
539,kristiansund,63.1115,7.732,7.36,87,75,2.06,NO,1729891919
540,hasaki,35.7333,140.8333,20.93,68,100,6.43,JP,1729892217
541,guacimo,10.2104,-83.6807,25.99,97,100,0.35,CR,1729892218
542,tezu,27.9167,96.1667,20.42,85,99,0.67,IN,1729892219
543,pacific grove,36.6177,-121.9166,22.98,79,0,3.6,US,1729892221
544,tamandare,-8.7597,-35.1047,24.58,78,12,4.36,BR,1729892222
545,angaur state,6.906,134.13,28.5,74,90,13.19,PW,1729892223
546,kulhudhuffushi,6.6221,73.07,27.71,79,79,6.12,MV,1729892224
547,saudarkrokur,65.7461,-19.6394,1.05,80,43,7.68,IS,1729892008
548,chulym,55.0997,80.9572,7.07,72,91,5.36,RU,1729892226
549,bastia,42.6667,9.3333,17.39,96,75,2.06,FR,1729892227
550,realico,-35.0366,-64.2447,17.56,33,1,4.89,AR,1729892228
551,soio,-6.1349,12.3689,24.87,86,93,4.23,AO,1729892230
552,burnie,-41.0667,145.9167,12.86,70,11,4.78,AU,1729892231
553,zaragoza,41.6561,-0.8773,15.01,73,100,4.12,ES,1729891941
554,az zuwaytinah,30.9522,20.1202,20.56,61,0,4.54,LY,1729892233
555,guatrache,-37.6678,-63.5302,16.47,31,30,3.98,AR,1729892207
556,molde,62.7375,7.1591,6.91,100,100,2.06,NO,1729892235
557,carlsbad,33.1581,-117.3506,27.82,61,0,5.14,US,1729891476
